Hours,Attendance,SleepHours,PreviousScore,PracticeTime,Marks
6.8,82.9,6.4,79.3,2.1,84.94
8.6,51.2,7.3,45.0,4.4,94.15
7.5,94.3,6.8,41.6,0.8,81.2
11.0,88.0,8.1,41.8,3.3,100.0
11.2,54.9,4.8,54.1,1.6,78.72
11.0,75.1,6.7,76.1,0.2,91.44
2.9,100.0,7.9,79.7,0.8,85.2
12.5,75.2,6.6,86.7,4.0,100.0
14.6,81.7,6.6,86.5,0.3,100.0
10.8,69.7,4.7,35.8,2.6,75.92
9.0,66.8,5.8,81.0,0.9,78.88
14.6,95.5,7.1,68.9,4.9,100.0
15.0,62.4,8.1,61.7,1.1,100.0
11.9,59.2,8.4,75.5,1.7,100.0
10.1,73.5,4.3,85.0,0.2,84.28
3.8,88.6,5.4,54.1,4.8,73.79
10.3,84.9,8.6,86.8,4.0,100.0
2.5,78.1,8.4,75.9,2.6,80.96
4.5,52.2,4.1,33.2,3.8,64.56
0.9,68.7,7.4,65.6,1.8,64.94
2.1,66.3,7.7,88.4,4.6,83.99
13.8,56.3,7.5,89.8,0.9,100.0
12.6,60.3,6.0,78.4,3.8,100.0
11.8,69.6,8.6,39.7,3.5,100.0
5.8,97.6,7.5,49.5,4.7,90.97
8.2,97.3,4.9,32.3,4.8,85.71
1.7,89.0,5.4,72.3,2.1,60.24
6.7,51.8,6.3,33.1,0.4,61.38
7.9,99.2,6.8,35.7,1.5,87.17
2.6,59.2,8.2,60.3,4.6,85.69
9.2,79.1,4.5,58.4,1.3,75.39
9.2,78.5,4.5,65.6,1.0,80.99
13.5,92.4,6.4,70.8,4.8,100.0
4.2,91.9,8.5,67.3,2.7,90.69
1.3,63.6,6.0,69.6,1.4,57.91
10.1,63.3,6.4,38.3,1.1,73.48
6.3,83.0,6.8,81.7,3.3,84.96
7.3,54.2,8.3,73.2,0.9,81.43
2.8,95.7,8.7,87.9,2.3,87.15
14.0,91.5,7.7,74.2,1.0,100.0
0.2,96.8,8.8,30.1,4.2,64.8
13.6,96.6,4.3,80.4,2.9,100.0
12.5,90.9,8.1,86.6,2.2,100.0
7.3,91.1,6.6,45.8,3.6,83.06
5.1,69.5,6.1,43.8,2.4,78.5
6.3,73.1,7.3,66.7,0.6,73.83
9.1,86.4,5.5,83.6,3.9,100.0
11.9,80.0,7.8,52.2,3.1,100.0
1.2,57.4,6.0,31.7,1.3,49.53
3.5,65.3,4.2,38.1,3.9,67.65
2.4,62.0,8.5,83.9,1.3,79.73
10.1,59.0,6.4,40.4,1.9,74.93
6.1,76.5,7.9,81.4,1.9,80.34
9.5,72.2,7.7,89.6,0.9,100.0
8.1,61.5,6.7,75.0,3.3,100.0
9.4,57.4,7.6,85.4,1.8,96.61
8.9,52.4,8.4,75.7,2.4,84.45
3.9,91.7,8.5,61.4,2.8,86.67
10.7,81.4,5.0,72.8,1.1,84.37
13.8,61.4,6.4,73.3,1.6,100.0
11.4,66.3,8.1,36.8,2.7,100.0
5.1,74.2,8.3,76.7,1.1,76.7
14.3,71.1,7.3,31.7,4.4,100.0
6.0,63.9,5.7,67.9,2.4,73.18
7.7,60.0,9.0,66.1,5.0,96.71
8.2,56.7,7.6,34.7,3.2,82.83
11.6,53.4,7.5,67.1,1.2,86.78
9.5,85.1,8.6,30.6,2.2,90.26
3.2,68.3,8.1,63.8,4.9,84.66
5.1,79.8,5.2,30.0,3.0,74.14
12.1,79.1,5.7,59.5,4.2,100.0
2.7,56.3,6.3,71.9,4.5,72.65
13.8,67.4,7.1,58.6,4.5,100.0
13.8,88.3,4.9,61.6,1.4,100.0
2.7,50.6,5.4,74.8,5.0,73.99
4.5,79.4,6.6,49.8,0.0,73.72
5.9,60.3,5.5,80.3,3.2,85.93
1.1,98.1,5.0,37.8,4.2,67.85
3.2,75.5,5.5,83.0,1.3,65.31
6.9,87.3,5.1,47.7,4.6,80.65
10.1,96.8,7.6,86.9,1.6,100.0
4.2,59.8,4.1,31.8,3.0,52.03
6.7,77.1,7.7,69.7,3.0,95.95
8.2,82.9,4.5,49.2,2.7,81.76
2.6,91.8,7.6,68.4,2.6,84.38
7.1,62.1,7.2,53.7,0.5,76.56
1.6,84.5,8.0,35.0,1.1,59.82
2.4,71.2,7.4,39.5,4.9,75.07
6.0,55.6,4.2,65.0,0.2,71.63
8.6,91.7,5.3,44.8,1.7,78.79
1.9,74.8,7.8,86.1,3.6,88.32
1.7,61.0,6.9,79.3,4.2,71.99
6.3,74.6,8.7,44.4,2.7,90.3
4.9,54.0,4.9,58.4,0.4,68.8
2.8,79.8,4.6,59.1,0.2,53.8
10.7,88.6,8.4,76.9,3.8,100.0
12.4,91.6,7.6,46.5,3.6,100.0
7.5,77.1,6.3,41.7,2.1,81.3
7.8,53.2,4.1,35.0,2.7,63.36
1.6,88.3,8.2,37.9,3.3,75.17
14.1,57.8,7.0,66.5,0.8,100.0
6.8,59.4,7.9,58.1,4.0,97.09
0.7,83.2,5.4,70.9,1.9,67.54
8.5,77.6,7.9,73.9,2.7,96.35
12.7,74.4,6.1,54.6,3.6,100.0
14.0,52.9,8.7,55.8,1.0,100.0
9.8,65.2,5.7,69.5,4.0,100.0
14.3,66.7,6.2,85.2,4.1,100.0
5.6,72.1,8.4,41.4,4.0,92.27
11.0,57.4,4.9,47.2,3.4,84.21
4.3,80.7,8.4,84.4,3.1,95.91
12.9,79.5,6.4,81.9,0.1,100.0
7.3,86.0,4.9,85.3,0.6,82.49
10.5,97.7,6.2,74.3,2.5,100.0
9.1,95.5,4.8,70.6,0.2,93.26
12.1,70.2,7.8,76.0,4.5,100.0
8.4,57.6,8.2,74.0,4.9,93.29
4.0,53.5,4.1,65.2,4.4,65.62
3.6,93.3,8.8,33.3,0.7,72.95
0.9,75.8,4.6,75.1,3.8,77.67
3.0,65.9,4.1,69.1,1.4,52.7
4.8,61.8,7.6,76.8,4.8,98.92
10.7,64.5,7.3,46.2,1.0,88.71
2.7,76.2,8.1,31.2,3.3,64.65
0.2,70.7,6.8,40.0,2.1,57.8
8.5,82.8,7.3,66.3,2.6,98.89
0.8,63.9,8.7,57.2,0.0,62.68
11.3,52.4,7.1,42.7,3.8,99.44
0.5,68.4,8.5,65.4,2.5,64.21
11.0,57.7,8.7,57.1,2.1,89.24
7.3,77.9,7.1,62.7,1.5,84.22
10.7,54.7,5.4,74.0,0.1,83.54
1.9,84.0,8.9,57.1,3.7,81.02
1.1,93.4,4.6,80.5,1.5,76.26
1.2,89.0,6.2,83.2,4.2,84.98
6.8,83.4,8.3,53.7,1.9,75.35
8.6,75.6,6.4,33.2,2.0,73.0
12.7,55.9,4.8,65.5,3.5,92.59
4.2,53.7,5.4,70.6,0.6,67.27
9.7,50.3,4.2,41.6,0.0,76.61
1.0,66.1,8.1,68.9,0.9,62.76
10.6,93.6,7.2,60.0,3.1,100.0
13.0,56.9,6.2,38.8,4.2,97.92
11.9,58.7,6.8,40.6,4.1,100.0
13.2,54.3,5.8,75.6,3.4,100.0
11.7,73.6,6.2,73.3,1.0,99.45
0.4,89.6,5.8,32.5,0.1,50.47
7.5,87.0,7.5,34.4,0.1,73.58
8.3,97.8,7.1,42.1,4.9,92.48
11.2,90.8,9.0,89.4,4.3,100.0
11.8,78.1,5.4,80.1,2.6,100.0
10.2,95.2,7.5,44.0,1.3,100.0
7.2,67.7,6.6,44.2,2.2,81.96
9.8,68.7,4.3,76.4,4.3,90.42
4.1,96.5,5.1,45.4,2.7,65.36
2.5,56.6,5.5,83.0,3.6,69.76
5.4,53.0,4.3,44.0,0.8,56.24
10.0,73.1,4.6,48.0,4.6,100.0
2.4,85.9,4.9,50.7,4.3,79.77
4.2,60.7,5.5,78.9,1.6,79.91
7.7,83.8,6.9,67.2,3.5,97.34
0.5,99.0,6.9,88.8,3.9,80.4
1.4,54.7,7.0,46.1,0.5,47.64
14.7,64.0,7.3,66.3,2.4,100.0
0.3,95.6,7.9,42.2,0.0,48.2
9.0,88.9,6.7,71.8,3.6,100.0
12.5,81.1,6.2,31.6,1.6,85.48
3.2,76.7,5.8,34.1,0.1,47.26
7.1,99.9,8.8,65.5,3.7,100.0
8.1,65.9,6.9,32.2,0.6,63.83
3.3,70.3,4.1,58.6,3.9,73.5
4.6,89.8,6.8,42.8,4.9,81.69
11.3,98.3,4.3,56.8,0.7,97.1
4.1,51.9,4.9,53.5,2.7,57.33
6.7,89.3,4.5,86.2,0.9,79.69
5.8,86.2,6.9,40.5,2.7,88.35
4.4,98.5,6.1,87.7,1.8,84.62
11.2,80.6,8.0,73.0,2.9,99.34
11.1,67.8,6.5,30.4,1.6,86.03
5.5,80.7,4.1,33.2,2.4,73.08
13.2,79.2,4.4,64.5,0.9,100.0
10.3,87.3,7.9,58.2,3.5,100.0
1.8,69.6,7.4,66.6,1.6,69.18
13.1,61.4,6.5,87.2,3.4,100.0
9.4,92.8,4.6,64.7,1.3,83.25
13.5,52.6,6.3,67.3,3.3,100.0
8.4,77.9,6.5,51.7,1.3,78.61
1.4,94.8,6.4,86.4,2.9,78.15
14.8,85.9,4.4,84.6,2.8,100.0
10.0,79.8,7.1,42.8,4.5,100.0
5.3,73.0,4.4,46.8,4.1,75.92
11.8,67.1,5.8,72.2,1.5,93.4
12.5,75.9,6.3,56.1,2.6,99.4
0.0,72.1,7.7,51.6,2.5,53.89
8.3,75.3,4.7,77.2,4.3,100.0
4.6,64.9,5.2,34.6,4.3,71.12
7.0,95.3,5.7,37.9,4.0,78.98
2.1,63.0,6.4,35.1,4.4,59.84
4.1,56.5,5.3,86.7,1.1,75.85
3.9,52.3,4.8,67.9,3.7,76.68
14.4,97.7,5.3,47.3,1.6,96.94
14.7,98.6,4.2,56.7,1.0,100.0
10.7,95.3,5.4,84.5,1.5,100.0
0.6,61.3,8.4,40.3,1.2,41.19
10.3,88.7,7.8,62.4,3.1,100.0
7.7,85.7,7.7,62.7,0.3,92.84
5.2,54.0,5.7,69.8,3.8,87.67
12.1,83.7,7.1,73.7,1.8,100.0
13.8,71.0,4.8,72.8,1.6,100.0
9.1,81.3,7.7,42.4,1.0,84.29
7.0,86.6,4.4,82.5,0.5,74.32
4.3,51.5,7.1,75.1,2.9,78.12
1.6,82.4,7.8,72.3,3.6,71.45
9.4,86.2,5.9,33.5,4.1,96.28
9.0,56.2,7.9,71.3,2.3,98.6
3.5,65.1,5.9,78.1,4.4,73.68
7.7,57.0,8.0,76.3,3.2,93.83
11.8,89.8,8.8,73.5,0.1,94.27
7.1,89.2,6.6,75.3,0.0,73.43
4.7,75.5,4.6,75.2,1.6,74.97
12.0,52.6,8.4,64.9,4.8,100.0
14.8,56.5,4.1,31.4,4.1,91.96
2.5,95.9,4.3,89.3,1.5,72.19
0.2,86.3,8.0,57.4,4.4,82.58
6.3,81.3,8.8,43.9,2.3,77.35
5.7,67.9,7.1,65.6,2.4,73.32
11.9,51.5,8.7,89.2,4.0,100.0
13.4,55.3,5.5,45.4,0.7,81.65
10.9,73.6,8.4,89.2,3.1,100.0
13.4,58.8,4.5,53.7,2.4,100.0
3.3,58.2,6.4,47.5,2.5,56.45
8.5,92.2,5.9,81.6,3.5,100.0
4.9,64.9,6.6,73.5,2.8,71.23
3.5,59.7,4.7,53.6,0.2,62.54
11.7,82.2,8.1,84.3,3.0,100.0
4.8,85.1,5.7,43.7,2.2,73.11
12.2,95.9,5.1,65.3,1.9,100.0
3.1,61.2,8.9,41.1,2.4,69.04
0.4,98.2,8.2,38.6,4.1,78.68
5.9,69.3,5.1,78.7,2.7,83.83
5.1,95.4,4.5,43.7,3.4,71.8
4.8,53.2,6.9,61.7,2.3,78.42
10.1,53.7,6.4,79.4,4.2,99.27
12.8,86.6,7.6,44.9,3.6,100.0
7.0,70.5,4.7,77.7,4.6,91.99
12.6,81.4,8.1,40.3,2.0,96.65
8.7,77.0,6.4,76.5,2.6,100.0
7.6,66.9,5.9,88.9,2.0,83.04
8.2,57.6,7.0,47.5,0.4,68.52
6.8,68.2,7.3,52.9,2.2,82.74
12.5,77.4,9.0,75.7,1.2,100.0
10.6,72.6,8.3,77.3,0.7,96.47
11.2,62.8,8.0,74.2,2.4,100.0
8.9,76.6,8.3,34.2,4.7,86.01
1.4,86.6,5.9,57.4,1.5,58.26
4.3,51.2,4.7,46.0,4.3,77.79
6.5,74.2,6.4,88.0,3.6,86.5
6.6,69.6,4.5,57.3,3.2,70.75
10.3,66.9,8.0,40.6,4.7,97.9
14.5,80.5,8.4,41.6,2.8,100.0
14.5,86.5,5.9,79.1,2.6,100.0
14.5,60.9,8.3,36.3,4.1,100.0
12.5,77.0,8.9,81.4,4.2,100.0
4.5,52.9,4.5,85.0,0.6,64.86
13.2,68.8,7.4,50.9,0.8,94.36
9.2,52.0,8.2,58.9,3.7,94.46
7.9,86.0,4.7,87.7,2.8,100.0
5.9,63.9,5.1,56.8,2.4,63.97
13.2,86.6,4.4,68.3,1.5,100.0
10.1,55.2,5.0,77.8,3.3,94.37
5.7,79.1,7.6,45.4,4.1,81.85
11.0,50.0,8.6,60.1,0.2,96.98
10.2,98.9,8.4,34.0,4.1,100.0
1.1,63.3,7.1,59.1,1.2,51.83
12.4,57.1,5.1,70.1,2.2,100.0
10.7,52.2,8.0,56.1,0.8,87.57
1.0,51.9,8.7,73.0,1.9,67.2
9.7,77.7,6.0,30.4,3.6,86.89
4.9,87.5,7.9,58.2,3.1,93.96
13.9,81.0,8.4,47.0,1.9,100.0
3.0,56.2,6.8,30.3,2.4,47.51
12.9,86.7,9.0,64.2,4.7,100.0
10.6,60.8,4.9,34.8,2.0,70.76
2.2,78.1,8.1,79.8,4.5,83.25
6.0,85.3,5.1,37.6,1.3,65.13
13.1,75.4,7.7,75.8,1.2,100.0
7.5,82.8,7.6,53.1,2.9,95.53
10.1,63.5,4.7,37.5,2.6,92.0
3.0,86.4,4.8,53.0,2.5,62.61
8.1,71.1,6.7,68.9,4.8,99.72
5.6,53.5,5.5,39.4,1.3,63.37
7.4,92.2,6.6,83.2,0.0,81.66
7.1,99.7,7.5,33.2,0.7,83.41
0.1,70.0,6.1,89.5,4.0,65.6
8.2,58.8,6.9,63.9,4.9,98.32
9.8,83.1,5.5,57.2,2.5,92.85
7.3,88.6,8.3,74.7,0.4,97.18
14.6,71.8,7.5,45.2,4.1,100.0
4.1,54.8,6.2,83.5,2.7,68.17
13.9,93.9,7.8,81.3,0.0,100.0
5.1,54.8,8.2,66.9,3.0,80.97
8.5,52.8,5.5,88.4,0.1,81.82
0.4,98.6,4.1,47.2,1.5,47.75
11.3,74.8,6.7,70.6,4.8,100.0
12.0,96.4,4.7,75.9,1.2,95.44
7.1,91.7,9.0,70.9,0.5,84.29
8.3,60.9,4.2,84.5,2.7,91.04
7.1,96.0,6.6,58.2,3.6,93.51
5.6,93.7,6.0,43.7,3.1,70.71
13.2,68.4,8.9,41.4,4.2,100.0
9.0,50.5,7.1,70.3,4.1,100.0
10.0,58.4,7.6,53.9,0.8,83.79
11.3,77.6,4.0,41.7,2.5,95.69
12.5,83.7,8.7,63.8,1.4,97.27
14.6,53.5,8.1,59.9,1.7,100.0
11.9,65.6,8.7,61.1,1.1,88.7
11.6,90.0,5.3,63.1,5.0,100.0
3.8,74.1,4.5,51.2,1.2,54.44
1.2,62.7,5.5,55.3,3.8,56.81
9.9,62.9,5.1,47.5,0.9,83.81
11.2,87.4,6.7,50.6,3.5,100.0
7.8,83.9,7.5,60.1,4.6,98.34
0.1,66.2,6.2,39.8,0.9,41.09
12.8,51.8,6.2,60.6,4.0,100.0
0.0,57.9,7.2,36.3,4.7,63.12
2.0,56.8,6.6,50.7,1.1,61.21
6.6,79.6,5.8,60.9,0.1,79.23
8.5,97.9,7.9,85.2,0.9,100.0
3.1,78.6,4.6,68.6,3.4,74.85
11.8,58.7,6.9,51.5,4.3,100.0
5.1,68.2,8.2,70.7,4.3,87.02
1.4,74.0,7.8,75.4,4.2,70.17
5.2,83.2,5.3,87.9,3.3,92.65
10.4,56.5,5.0,65.9,4.4,90.31
2.1,61.9,9.0,38.2,4.7,79.15
4.6,87.5,6.8,42.6,4.7,78.42
2.9,50.3,4.6,43.4,0.8,48.05
2.9,95.9,8.7,71.9,1.9,72.42
6.2,90.1,4.1,65.8,4.2,98.45
0.6,78.8,8.9,41.3,4.9,79.8
8.8,57.3,4.1,57.7,5.0,86.14
0.3,51.5,7.6,40.7,3.4,61.58
6.4,94.8,8.1,76.2,0.0,76.41
3.0,72.4,7.2,81.5,0.2,72.52
1.5,85.3,8.7,60.5,4.2,68.94
8.8,67.3,4.8,45.4,4.8,86.44
6.1,90.4,8.7,38.8,2.1,71.66
4.0,51.6,5.3,80.4,4.0,78.55
11.5,54.9,8.3,52.6,0.3,89.24
14.3,61.3,6.8,31.2,4.5,100.0
9.3,84.2,4.1,54.3,0.4,75.48
0.9,66.3,8.2,71.7,1.8,68.37
11.4,75.6,4.0,58.4,4.6,100.0
14.4,67.7,9.0,30.8,2.0,100.0
14.6,66.7,5.6,58.0,3.7,100.0
5.6,65.5,5.5,57.2,3.6,87.6
10.9,60.2,5.0,52.2,4.9,95.47
12.2,74.6,5.2,38.6,1.6,93.53
10.7,75.3,9.0,56.4,4.0,97.3
8.9,73.1,5.4,54.8,1.0,83.19
2.1,87.0,4.2,40.3,2.9,60.64
14.4,84.7,5.4,51.7,3.4,100.0
14.0,95.5,8.0,89.0,1.9,100.0
12.5,64.5,8.0,45.2,1.0,89.54
12.8,80.7,8.9,47.0,3.2,100.0
10.0,50.5,8.4,69.4,2.8,100.0
14.6,97.7,7.4,34.8,4.7,100.0
2.8,77.1,6.5,79.3,0.1,71.94
5.3,70.6,5.7,42.7,1.2,62.48
2.7,87.1,4.2,42.9,2.0,50.78
3.2,98.2,7.3,31.2,5.0,87.32
9.0,51.8,6.6,44.8,1.0,80.44
10.7,95.5,8.0,70.4,4.1,100.0
13.6,89.3,6.5,52.0,1.8,100.0
4.7,53.9,8.3,75.5,1.7,75.71
4.1,64.6,4.6,87.5,0.0,72.95
6.1,93.5,7.2,79.7,0.4,94.58
10.7,71.5,6.9,45.9,3.9,100.0
0.3,91.9,6.0,37.4,2.6,65.93
2.8,72.1,4.8,76.9,3.6,65.25
14.1,97.1,6.9,55.7,1.2,100.0
6.5,75.9,6.7,76.6,1.5,83.5
13.4,87.4,7.2,57.6,2.1,100.0
3.5,87.2,7.6,82.2,3.6,94.28
1.4,91.7,8.4,59.3,0.9,62.84
3.1,79.3,4.6,73.2,1.3,72.98
6.2,50.5,5.5,33.1,1.4,55.55
0.0,73.6,6.6,32.1,4.3,64.94
10.6,61.9,6.2,57.6,1.1,89.67
0.4,80.2,6.8,72.0,0.9,59.37
14.2,93.5,8.1,62.2,4.1,100.0
3.1,79.3,8.6,61.7,4.0,75.56
0.1,65.1,5.9,65.8,5.0,61.99
7.3,73.3,5.0,82.7,2.7,85.79
6.8,53.4,7.3,65.0,0.9,80.86
3.7,55.1,6.8,82.9,3.6,81.78
9.0,67.4,8.2,41.0,2.3,93.69
14.5,79.2,5.8,75.5,0.6,100.0
4.1,77.8,8.8,37.9,1.8,67.13
2.2,98.8,9.0,46.8,1.8,72.84
9.8,86.3,7.0,37.1,1.4,89.78
6.0,55.8,6.0,74.4,3.3,72.77
2.6,94.2,8.0,31.2,0.4,64.91
10.2,54.9,8.1,37.3,1.6,90.04
10.6,78.1,6.3,46.2,3.4,89.11
14.9,62.5,7.5,51.4,3.7,100.0
2.5,79.4,7.0,56.2,2.7,68.63
8.1,83.6,4.1,62.7,2.7,80.9
2.0,75.8,5.1,41.1,0.5,41.64
10.5,50.2,5.7,42.6,4.5,82.47
2.8,76.2,7.7,37.2,4.0,65.81
5.8,85.1,5.7,85.8,0.8,74.84
3.5,83.6,6.7,67.0,3.5,72.09
8.4,58.3,8.9,60.7,3.5,92.16
1.8,88.7,5.9,46.5,1.4,58.42
12.6,94.9,5.3,47.3,2.4,93.82
8.0,55.5,5.2,51.2,0.8,64.92
10.0,86.4,6.2,71.6,0.9,99.5
14.3,52.9,8.4,64.5,4.6,100.0
3.3,52.6,4.9,67.0,4.4,76.26
6.9,77.9,6.7,58.6,0.8,86.17
6.4,75.0,8.5,57.2,1.7,85.67
1.7,90.4,4.6,77.7,2.3,69.87
5.5,89.4,5.8,37.5,2.7,68.7
1.9,52.3,6.5,73.0,4.0,64.5
0.7,72.2,5.6,43.5,2.6,49.19
3.0,50.3,6.8,59.4,4.7,82.07
5.9,85.3,6.1,63.5,3.3,83.59
8.3,74.7,6.1,88.6,1.1,94.28
9.2,50.1,7.1,76.8,1.2,93.44
14.0,79.7,8.7,70.9,2.6,100.0
2.8,61.3,8.3,57.1,3.4,74.35
4.1,74.5,5.2,61.4,3.1,66.11
12.8,87.7,8.3,71.9,0.2,100.0
8.3,62.8,6.5,71.5,1.9,86.82
10.1,85.6,6.4,47.5,0.3,75.8
13.5,65.2,6.2,69.4,4.4,100.0
5.1,56.4,8.1,59.1,1.4,75.38
6.2,74.2,6.0,66.9,2.8,89.63
7.9,51.3,6.7,66.7,1.6,82.12
5.8,64.1,8.6,34.9,2.4,80.67
6.5,91.3,5.7,71.1,2.1,94.37
14.9,72.6,5.5,72.3,4.2,100.0
1.5,92.5,4.1,55.1,1.7,57.89
2.8,85.4,7.2,74.0,0.1,76.34
6.0,77.2,5.8,34.8,1.0,60.26
11.0,87.5,8.9,48.7,4.3,100.0
2.2,92.0,7.5,35.4,3.4,72.11
7.7,88.9,4.7,64.4,4.9,92.9
5.2,89.3,5.4,63.3,1.6,77.23
6.0,97.5,4.6,67.0,0.3,73.75
3.8,51.2,7.6,53.8,3.6,74.1
5.0,75.0,7.1,45.0,2.3,75.27
12.1,63.9,8.7,55.2,1.2,90.39
3.2,53.0,5.5,76.3,3.7,83.05
12.7,95.4,8.3,36.5,2.7,99.55
12.0,97.1,8.8,48.3,0.5,99.97
3.8,64.2,8.0,87.5,3.5,93.92
4.8,68.4,7.9,57.4,0.5,77.55
7.9,60.7,6.0,56.0,2.3,75.47
11.9,98.3,8.0,73.0,2.7,100.0
6.0,51.7,4.4,46.0,4.9,79.44
1.3,96.2,6.6,59.1,0.2,50.68
10.8,90.4,7.7,89.1,4.2,100.0
8.3,60.2,7.4,60.1,3.4,87.97
11.1,57.5,8.6,70.3,0.4,93.94
2.2,94.7,4.7,40.8,0.3,46.72
12.3,96.0,7.4,81.1,2.4,100.0
6.3,59.7,6.6,38.0,0.2,63.3
4.5,91.0,7.9,39.4,4.0,76.97
13.4,63.1,4.4,80.8,0.6,100.0
10.4,70.4,6.1,45.8,2.1,94.43
7.1,56.1,8.0,77.7,1.8,77.36
11.0,94.6,7.7,64.8,3.7,100.0
5.0,92.4,6.0,60.9,4.3,93.75
2.4,86.0,5.0,84.5,4.2,73.87
11.0,79.6,7.4,68.7,1.4,100.0
11.7,77.1,7.3,59.5,1.2,99.33
3.7,57.7,6.1,45.1,3.7,72.31
4.5,67.6,8.2,79.2,4.9,83.62
7.7,59.6,8.2,47.1,4.7,93.72
4.0,66.6,7.3,64.8,0.3,58.24
8.6,55.7,5.1,39.9,0.1,71.26
1.9,82.6,6.1,41.0,3.9,67.11
12.3,64.6,4.1,52.3,4.8,100.0
1.6,73.2,4.1,42.1,0.9,45.69
13.2,56.3,6.3,65.2,1.6,100.0
3.6,58.6,7.1,52.6,1.0,56.82
11.2,74.2,8.1,88.4,3.2,100.0
3.0,67.1,8.5,55.8,3.0,81.23
3.4,62.8,4.6,85.0,2.5,63.13
4.0,77.4,5.2,83.4,1.9,85.59
7.7,54.5,5.9,74.5,2.5,76.87
12.2,97.3,6.3,73.5,2.5,100.0
12.0,78.5,5.5,67.9,4.7,100.0
1.5,63.9,8.4,30.3,0.3,52.61
1.8,70.6,6.9,65.9,3.4,79.43
9.9,60.3,7.6,82.1,0.6,89.54
6.0,79.3,6.5,33.3,4.7,91.57
2.6,97.2,8.1,67.7,4.0,81.38
12.4,87.7,6.1,85.1,0.4,100.0
10.9,88.8,7.2,38.4,2.0,87.01
12.9,67.7,4.2,55.0,1.3,86.24
6.3,80.7,6.4,44.3,4.0,91.72
14.3,95.9,5.0,42.5,3.6,100.0
11.6,55.3,4.1,79.1,1.4,89.28
14.9,89.5,8.4,67.4,3.5,100.0
6.6,56.9,5.9,82.0,0.2,69.48
2.9,71.5,8.7,70.7,0.2,66.0
13.0,90.3,5.2,42.1,3.8,100.0
11.6,88.1,5.1,50.3,3.4,99.13
2.0,90.0,8.8,86.8,4.9,86.86
5.0,95.9,8.7,32.2,4.3,88.46
10.4,84.2,4.7,59.7,5.0,100.0
5.1,97.9,5.3,72.9,0.5,73.84
10.6,85.5,4.6,55.1,0.5,87.8
1.2,85.7,6.0,50.9,5.0,65.4
7.5,79.5,8.0,75.9,2.8,91.52
6.0,98.2,7.4,47.4,0.8,81.12
13.6,85.3,7.8,34.9,2.9,100.0
10.8,85.8,5.4,75.7,1.1,87.46
5.8,61.8,5.0,63.2,2.5,67.81
0.7,83.8,7.6,36.3,3.7,61.3
8.8,86.3,7.7,64.1,0.7,81.91
13.0,94.8,4.3,85.3,2.9,100.0
5.9,81.6,7.4,74.4,3.0,80.23
2.2,85.6,8.6,69.3,1.0,66.32
11.1,98.4,8.0,70.9,2.6,100.0
4.8,92.8,7.5,78.8,0.6,85.99
4.7,70.3,8.7,34.2,4.3,72.47
2.8,54.7,6.8,48.2,3.2,71.01
1.4,53.5,4.8,84.3,1.1,49.31
6.5,99.3,4.9,39.4,2.8,89.77
2.8,63.3,7.8,59.1,3.3,81.34
6.4,69.1,7.9,44.1,2.4,87.75
10.9,67.0,4.6,45.1,2.8,85.05
9.6,56.3,5.5,78.3,1.1,81.14
1.9,75.2,5.6,62.3,4.4,75.59
4.3,56.6,6.8,76.9,4.8,86.27
1.2,71.2,8.7,47.1,3.7,63.36
11.9,81.0,5.5,46.3,0.2,91.76
12.5,66.6,8.3,53.1,4.6,100.0
5.2,87.7,4.4,48.6,4.2,88.13
5.5,74.2,8.9,40.3,3.2,82.35
8.1,59.6,5.0,60.5,2.0,71.7
9.6,84.7,6.6,52.6,3.1,100.0
13.6,90.8,7.4,56.6,1.9,99.71
2.2,86.2,4.1,59.3,4.5,63.71
14.2,58.0,5.7,83.2,4.6,100.0
2.7,68.0,6.6,34.7,2.2,68.25
8.9,87.1,4.4,39.7,1.1,84.7
10.0,67.5,8.4,72.8,0.8,92.25
1.0,53.6,9.0,47.5,1.1,53.16
0.2,76.5,5.5,80.4,0.3,58.99
13.6,69.9,7.6,80.5,4.4,100.0
12.0,92.6,4.7,85.5,3.9,100.0
10.7,74.6,8.2,74.4,2.9,100.0
7.1,65.7,6.8,48.8,2.7,89.67
14.9,96.0,8.2,69.4,3.3,100.0
4.6,75.7,8.7,40.5,2.1,80.63
9.5,53.6,6.1,67.6,0.2,76.72
0.1,61.7,5.8,80.1,1.6,59.17
11.6,75.1,8.9,45.9,4.6,100.0
4.9,93.3,6.6,89.6,1.9,80.92
9.2,98.7,7.3,42.5,3.0,96.51
3.8,79.0,6.8,69.4,2.5,71.35
4.5,60.6,5.1,83.0,3.3,74.65
1.8,67.8,5.6,64.6,5.0,73.41
5.6,87.3,4.3,54.5,0.5,61.45
0.3,61.7,6.8,74.0,0.2,48.17
12.1,77.6,6.8,84.1,2.5,100.0
7.1,55.3,5.6,30.3,3.6,74.76
2.1,63.2,8.0,48.8,3.5,62.56
4.3,93.2,8.5,45.6,3.4,89.1
5.1,72.6,5.0,89.4,0.7,71.61
14.4,99.2,4.8,82.8,3.5,100.0
1.5,83.0,8.6,77.9,4.8,89.53
0.2,93.7,6.5,80.9,4.8,81.34
13.0,85.0,8.2,34.5,3.6,100.0
11.0,85.0,4.8,68.2,2.3,100.0
0.8,65.7,5.8,40.4,3.3,63.11
4.7,84.0,6.9,55.9,2.6,84.67
1.2,95.0,5.6,58.4,4.4,76.71
13.2,87.3,6.6,67.3,3.2,100.0
9.6,53.4,8.6,62.6,2.9,98.95
9.1,69.0,8.1,76.7,3.1,96.22
1.0,65.2,8.1,89.0,1.3,58.57
4.6,64.1,7.6,57.2,0.4,59.57
1.5,71.7,5.4,54.9,2.3,63.15
14.9,62.4,5.2,64.9,5.0,100.0
2.3,75.1,9.0,79.3,2.8,84.3
5.3,83.2,9.0,52.8,2.7,77.48
4.5,53.8,8.3,57.9,1.4,70.15
1.7,85.8,4.7,32.8,2.3,51.28
1.1,56.8,8.4,86.9,4.2,70.99
3.7,66.5,8.0,66.1,0.7,70.32
12.7,89.1,8.3,59.7,0.5,100.0
3.1,66.0,7.6,49.0,0.7,55.89
11.3,54.9,6.7,41.5,0.9,78.79
10.7,93.6,5.8,61.8,1.4,89.35
9.8,99.4,4.6,57.1,3.3,100.0
0.1,94.7,4.9,60.3,4.6,77.61
4.7,71.2,4.6,46.2,4.0,80.53
2.4,73.0,6.0,84.1,0.1,71.45
14.5,72.2,6.6,53.8,1.9,100.0
9.8,54.4,8.9,81.7,3.8,100.0
4.1,59.4,7.1,62.5,2.4,64.24
10.2,89.5,8.2,62.6,2.4,93.78
3.4,61.0,4.7,39.1,1.2,59.82
11.5,91.8,8.0,81.6,2.4,100.0
1.8,77.4,8.2,77.3,3.3,82.52
7.0,62.7,6.4,81.2,1.2,85.86
14.8,61.1,4.4,39.6,2.7,100.0
9.3,53.0,6.1,75.8,4.5,90.99
9.0,55.5,8.5,65.0,1.1,84.31
0.2,61.1,8.6,53.0,4.3,68.9
3.1,51.6,6.0,55.6,4.1,65.18
0.6,72.6,4.9,32.6,4.9,54.34
14.2,68.2,5.2,62.7,4.6,100.0
4.7,75.6,8.4,51.9,2.5,71.2
5.6,79.4,6.4,72.3,1.7,82.93
10.1,71.4,8.2,54.5,4.1,100.0
8.0,75.4,4.5,35.8,0.4,68.12
7.7,78.0,6.9,63.2,4.1,88.38
1.5,64.8,8.2,86.9,0.7,60.95
13.8,64.3,6.8,63.6,4.5,100.0
9.0,55.8,6.3,62.8,3.2,89.8
10.3,74.9,7.4,88.0,1.3,100.0
0.6,59.8,6.4,81.9,1.7,65.21
8.7,78.9,4.2,63.0,0.9,75.22
2.1,74.6,5.8,37.7,3.7,54.57
5.3,82.8,8.0,39.1,2.8,68.56
12.7,80.2,6.1,56.8,1.8,100.0
2.0,51.1,5.2,38.3,3.7,52.15
4.0,93.5,8.2,83.5,0.7,84.8
12.4,88.7,6.0,49.2,1.4,92.33
12.2,93.7,6.8,37.7,0.5,85.58
0.7,97.1,6.8,74.6,3.2,83.16
13.9,87.8,8.9,38.4,2.8,100.0
11.1,86.4,8.8,67.3,1.2,94.11
4.2,87.6,4.6,41.9,2.4,71.61
10.9,72.4,5.7,55.0,2.8,100.0
2.6,69.8,6.6,76.6,4.4,84.75
2.6,99.4,8.2,80.2,0.4,79.55
11.0,97.7,7.6,53.7,4.2,100.0
13.3,52.7,5.9,51.7,2.0,100.0
12.4,90.9,6.8,74.2,0.7,100.0
12.6,58.6,8.4,34.3,4.0,100.0
12.1,99.9,6.5,52.3,2.8,100.0
6.5,89.9,7.8,72.8,3.5,95.37
11.1,79.0,4.1,42.7,1.6,85.56
1.1,88.0,4.3,77.5,2.8,73.14
9.4,99.9,9.0,81.3,2.3,100.0
8.3,82.6,6.3,35.3,3.1,77.41
3.5,92.5,7.0,70.0,3.7,79.91
10.4,91.1,7.1,45.0,0.9,91.33
8.0,62.4,8.5,78.1,1.2,81.91
8.3,93.5,8.3,84.2,2.8,100.0
13.8,61.9,4.3,84.7,1.8,100.0
2.3,85.4,8.3,65.0,1.0,63.23
7.5,99.9,6.7,78.3,3.9,99.24
14.2,86.9,8.0,71.0,0.3,100.0
13.8,69.6,7.2,89.0,2.0,100.0
3.5,87.8,5.9,62.2,3.5,68.88
7.1,91.1,4.6,59.0,4.1,89.41
7.2,94.2,7.3,42.9,0.1,70.43
7.9,87.6,6.3,49.5,0.1,71.8
13.4,83.5,4.0,62.4,4.5,100.0
9.7,80.6,8.8,53.5,4.8,100.0
12.4,94.5,8.6,45.3,1.5,100.0
14.7,97.7,5.2,86.2,2.6,100.0
8.8,77.9,4.5,74.9,1.8,89.68
11.0,89.3,6.3,58.7,0.8,94.21
5.6,69.0,5.8,56.6,3.8,89.1
11.0,89.7,7.2,52.1,4.4,100.0
8.7,53.7,7.1,40.6,2.7,89.99
13.5,67.0,7.0,79.1,2.4,100.0
12.9,67.4,7.3,40.8,4.3,100.0
13.8,65.7,8.5,67.5,2.5,100.0
14.2,51.5,5.6,86.0,4.5,100.0
3.0,53.4,8.3,69.8,4.1,77.59
7.3,93.1,7.7,80.8,0.3,87.7
13.4,82.3,5.9,41.4,4.0,100.0
4.2,93.1,5.5,55.2,0.1,67.18
9.2,95.6,5.8,32.7,1.5,73.85
12.9,50.2,8.6,71.6,0.7,94.87
7.2,84.7,8.3,89.5,4.6,100.0
14.3,99.1,5.7,70.8,1.8,100.0
9.8,76.4,7.9,54.2,2.2,85.57
8.3,63.1,8.8,59.6,3.8,86.94
11.3,95.1,7.9,59.5,4.8,100.0
14.6,52.6,6.6,74.1,2.0,99.25
7.0,78.1,6.2,56.5,3.8,85.33
6.1,78.8,6.9,46.9,3.0,84.45
14.4,99.6,5.4,53.6,0.5,97.91
2.7,66.6,5.0,42.8,1.5,49.87
1.5,93.0,6.7,83.3,0.7,73.01
1.8,60.7,5.9,74.5,0.0,56.27
1.6,90.4,4.8,68.5,0.3,58.91
11.5,64.5,7.3,37.9,0.7,82.5
12.5,83.3,7.3,57.3,4.8,100.0
11.2,87.8,6.2,69.0,5.0,100.0
5.1,79.5,8.5,75.6,1.7,92.79
1.3,66.5,6.5,67.5,2.3,58.33
14.2,63.5,4.2,48.5,0.8,86.86
6.7,63.5,8.1,42.3,4.2,93.01
4.2,73.1,4.2,61.0,3.7,76.94
7.3,53.4,6.3,80.5,0.3,72.4
14.4,99.0,7.4,68.0,3.4,100.0
5.6,94.8,4.9,45.5,3.8,83.6
10.4,54.8,6.1,37.0,2.4,89.14
9.7,78.8,7.4,88.4,1.2,94.32
10.0,93.8,4.6,62.2,1.4,90.59
7.2,99.1,6.6,79.2,4.5,100.0
6.7,68.8,4.9,41.3,1.1,60.3
4.7,97.3,6.7,34.4,0.8,62.48
7.8,68.9,8.9,46.1,2.3,81.76
11.4,52.9,5.4,50.2,3.3,100.0
11.6,61.2,5.2,30.7,0.1,79.86
6.1,88.6,6.2,59.3,4.4,92.48
0.4,97.1,6.4,36.6,2.3,51.01
0.9,77.0,4.8,90.0,0.1,66.29
5.3,87.8,5.6,59.3,2.2,83.54
10.5,61.1,7.3,57.7,1.4,98.12
5.5,72.6,7.4,79.3,2.3,79.38
13.9,52.6,5.3,33.3,0.1,87.0
11.7,63.0,5.4,79.4,4.3,100.0
4.6,75.7,4.1,62.5,4.0,69.78
5.5,97.3,6.0,78.4,0.3,85.67
8.3,78.8,7.5,55.6,1.5,95.94
11.1,64.9,4.6,47.6,4.9,100.0
7.1,87.4,6.1,64.2,3.7,100.0
13.3,54.0,6.4,84.6,1.4,100.0
10.0,87.0,7.0,72.9,2.0,100.0
2.1,90.4,6.6,86.0,1.5,70.88
9.2,60.8,4.7,33.1,1.4,66.97
1.0,75.6,4.5,88.6,2.9,70.09
14.2,95.9,4.2,44.4,1.5,100.0
3.1,88.6,5.7,70.8,1.3,64.18
10.9,92.1,6.4,57.7,2.6,100.0
8.2,51.6,6.4,63.4,4.4,82.08
0.1,72.3,4.4,51.2,0.3,51.65
0.6,58.2,8.9,58.4,3.4,69.97
3.2,96.6,6.1,68.7,4.7,96.74
7.0,64.0,8.2,63.7,3.8,84.07
11.8,72.7,7.0,79.6,0.8,100.0
11.2,96.0,4.8,45.5,0.6,83.81
8.2,61.9,7.4,87.2,0.1,94.1
1.5,84.4,7.4,75.9,0.7,68.5
2.0,67.3,6.1,35.7,2.0,64.63
10.7,56.6,8.6,77.4,0.0,91.45
3.5,96.7,7.4,39.2,0.1,68.28
4.4,97.9,4.6,64.8,0.3,67.59
6.0,59.3,5.4,64.4,0.1,60.26
13.0,59.7,5.9,75.4,1.6,97.34
2.9,89.4,6.9,39.7,1.0,52.87
13.0,52.0,4.1,59.7,1.1,82.15
2.8,88.2,5.6,79.5,1.8,76.78
6.8,99.0,7.6,43.3,2.3,94.92
2.6,95.4,4.9,64.4,3.1,65.4
5.7,92.2,4.9,37.4,3.2,73.37
13.1,82.1,5.7,84.7,3.4,100.0
13.4,53.5,8.0,38.0,0.8,82.33
13.8,95.7,8.1,69.1,0.2,100.0
0.3,71.3,5.5,41.4,4.9,56.13
7.4,61.0,8.8,48.4,1.1,73.86
13.1,85.9,8.7,81.2,0.6,100.0
11.0,57.6,5.2,67.1,4.0,100.0
3.3,98.3,5.1,31.7,0.1,51.09
3.5,51.6,4.0,79.6,2.4,61.08
12.5,94.8,6.8,83.2,4.2,100.0
5.7,88.3,6.3,40.6,4.0,83.16
2.0,92.4,5.2,74.4,4.8,75.36
12.1,66.3,6.5,82.5,2.3,100.0
14.7,54.2,8.4,58.2,3.4,100.0
4.9,90.5,6.8,77.6,4.5,93.71
8.5,68.2,4.9,52.1,4.2,85.22
11.9,83.1,5.4,67.4,0.3,88.79
2.3,85.8,4.7,83.4,4.8,87.05
2.3,90.7,6.3,47.7,2.7,74.37
6.0,90.7,6.1,57.7,1.4,73.08
4.9,67.5,7.7,84.1,3.3,83.59
14.3,94.5,6.9,32.0,1.3,100.0
9.2,90.4,7.6,32.0,2.1,97.02
3.8,87.6,6.5,39.4,4.9,81.72
0.3,85.2,6.1,38.4,2.6,52.97
3.2,82.1,6.3,30.2,4.5,65.23
2.0,50.6,5.3,42.5,4.2,57.93
7.6,64.0,4.3,88.0,0.1,74.38
3.9,98.1,4.1,37.3,1.9,73.48
0.0,98.8,4.3,50.6,4.1,59.02
7.1,58.4,8.4,89.7,3.9,96.0
3.8,77.5,7.0,69.6,3.0,88.02
14.0,96.0,6.8,67.0,3.0,100.0
14.3,96.1,7.3,58.2,2.9,100.0
6.3,89.5,6.9,32.4,1.9,67.18
9.4,52.4,7.7,84.6,3.2,100.0
13.7,96.5,6.4,56.3,0.8,100.0
2.7,76.8,4.1,72.6,0.5,60.91
13.0,53.3,5.7,78.0,1.7,100.0
4.9,81.4,6.4,76.5,2.2,80.76
0.6,85.0,7.2,67.9,4.2,70.56
9.8,66.5,4.4,86.9,4.9,99.82
10.8,74.9,4.5,73.1,0.6,98.72
14.8,64.1,5.9,68.2,1.8,100.0
8.5,70.4,7.5,32.6,0.0,75.58
3.2,66.6,5.3,40.2,1.8,51.8
7.5,76.0,6.9,60.1,0.2,84.55
3.8,91.5,5.2,86.3,4.7,98.95
8.3,93.4,4.4,40.1,2.1,85.59
7.5,51.1,6.2,71.9,3.7,94.41
0.4,98.1,5.2,52.2,4.8,69.67
2.8,86.2,8.3,45.1,3.1,65.75
10.0,83.0,5.3,79.5,3.8,100.0
1.7,95.4,6.2,40.7,4.8,76.16
12.3,91.1,5.8,80.9,3.1,100.0
4.7,87.6,8.3,33.1,1.7,66.8
12.6,60.7,8.2,65.6,1.4,97.14
5.0,50.0,6.6,33.0,3.5,58.06
9.2,96.5,7.1,66.2,0.8,95.81
1.5,79.0,5.5,37.3,2.7,63.22
6.7,57.3,6.9,72.5,0.0,63.85
4.3,98.4,8.6,62.2,0.2,82.2
13.0,91.8,8.7,62.5,3.9,100.0
8.3,64.8,5.4,55.7,1.5,75.15
13.4,94.5,7.6,45.8,0.2,100.0
9.1,55.0,8.7,71.2,5.0,100.0
5.1,98.2,4.0,59.2,3.0,79.45
9.6,93.5,4.8,64.8,2.5,100.0
3.7,67.5,4.9,87.5,1.9,68.53
3.6,59.1,5.3,89.0,1.0,76.08
9.8,95.2,5.7,84.8,3.6,100.0
13.2,63.2,8.7,31.3,4.6,100.0
10.9,76.7,4.0,45.1,0.7,73.56
13.3,54.0,5.1,47.8,0.5,92.99
14.6,73.4,9.0,66.4,1.6,100.0
1.9,59.3,5.8,54.0,4.7,65.29
6.6,58.9,5.0,58.4,3.1,80.16
3.5,84.4,7.7,85.5,1.9,83.53
5.7,55.6,5.1,55.1,4.4,82.09
4.7,55.2,6.4,84.5,5.0,83.75
14.3,91.4,5.9,46.9,3.8,100.0
5.1,68.2,4.3,30.3,1.3,60.62
14.3,62.6,9.0,80.6,0.3,100.0
8.3,64.6,7.1,58.8,3.5,89.26
10.6,84.2,6.9,41.3,4.8,100.0
11.7,54.2,6.7,79.2,2.2,100.0
7.8,50.8,7.8,48.5,1.8,81.26
3.1,88.8,5.3,63.3,2.7,77.37
2.9,90.0,6.6,32.6,4.2,74.28
8.3,75.2,5.0,31.5,0.9,72.48
10.9,65.8,5.2,75.7,1.1,84.4
11.8,82.2,4.7,76.2,1.6,94.98
10.0,68.3,7.2,31.6,4.4,86.87
2.6,99.8,7.6,59.5,3.4,83.24
5.8,50.9,7.6,52.7,2.5,65.91
11.6,80.9,7.8,54.9,1.7,94.21
12.0,58.0,7.2,69.8,1.5,99.4
13.4,81.3,6.4,65.1,0.9,100.0
2.0,81.2,7.1,78.6,1.7,66.9
3.3,72.7,4.5,67.6,2.9,74.57
2.5,71.7,4.6,45.2,3.9,71.36
7.5,51.4,5.6,71.8,2.6,78.81
6.6,66.7,6.1,58.1,2.4,73.63
14.6,64.8,7.7,40.5,1.4,98.85
9.8,73.9,6.5,51.4,0.1,88.71
1.2,95.0,8.1,32.3,0.8,53.45
8.0,84.3,4.1,40.5,3.6,74.88
9.2,90.3,6.1,81.9,1.8,95.77
13.4,61.5,8.2,54.0,0.7,93.91
7.7,61.5,4.8,72.4,2.7,90.72
1.9,77.0,4.7,87.5,4.4,83.89
6.2,89.0,5.1,37.8,1.3,63.15
6.8,51.3,8.3,54.1,3.2,90.95
4.8,76.6,5.1,59.9,2.2,69.44
9.6,77.3,7.2,72.8,2.8,94.19
8.0,70.2,6.7,47.6,2.0,84.99
10.4,75.9,6.3,49.4,0.3,74.3
4.0,51.2,7.3,59.1,0.7,60.47
2.9,80.6,4.0,75.5,4.0,74.05
7.0,67.3,7.6,77.9,3.6,98.3
3.6,90.9,5.7,69.9,0.6,76.19
4.7,96.8,4.6,65.7,4.3,91.31
13.0,73.9,8.9,86.2,0.5,100.0
8.6,59.2,6.9,41.1,4.7,89.61
5.5,64.1,7.6,84.7,3.5,96.05
7.0,65.9,5.0,79.4,4.1,88.32
14.1,86.4,4.8,76.1,1.9,100.0
11.2,92.6,8.9,78.5,2.8,100.0
14.7,70.2,4.2,70.4,1.3,99.12
13.9,72.1,8.4,65.8,0.2,100.0
6.2,89.4,7.6,74.2,0.8,75.47
11.6,98.1,5.3,41.6,1.4,89.48
7.4,94.6,8.2,48.3,2.6,96.88
4.5,50.3,4.1,46.4,3.4,62.72
6.1,57.5,7.2,66.9,4.9,87.83
1.1,93.3,5.6,43.1,4.0,76.62
6.8,58.3,6.2,38.7,4.0,84.53
2.4,77.4,6.6,76.4,3.0,81.36
10.6,65.6,8.3,84.1,0.1,95.82
2.7,83.0,5.3,45.7,4.5,67.25
12.5,88.7,6.6,45.5,1.1,92.84
12.0,65.1,6.8,78.1,0.8,100.0
14.6,96.4,6.8,40.7,1.5,100.0
6.5,59.1,4.2,51.8,3.0,81.53
13.8,93.5,5.4,77.0,3.7,100.0
12.5,60.4,6.8,51.7,4.8,100.0
4.3,92.9,4.7,60.7,2.4,83.31
7.6,86.3,4.1,65.5,2.9,87.95
10.1,70.7,8.0,52.1,3.3,92.15
10.0,83.0,8.3,69.9,1.5,92.58
2.5,87.8,8.8,34.8,0.3,57.99
0.6,73.1,4.7,67.0,3.7,57.21
11.3,72.8,7.7,69.7,4.7,100.0
12.8,79.6,7.1,58.7,3.7,100.0
2.1,77.6,5.2,73.1,0.2,57.44
11.7,75.8,5.0,76.5,4.3,100.0
10.2,83.7,5.7,55.8,4.4,100.0
9.9,55.4,4.6,48.3,1.2,79.95
13.7,98.2,6.4,78.7,4.0,100.0
0.9,62.7,5.6,38.3,1.9,58.98
2.7,74.4,7.3,41.2,3.1,68.05
0.9,85.8,5.9,51.8,4.1,70.96
11.9,94.7,8.8,50.2,4.8,100.0
8.9,71.1,7.5,75.4,4.2,100.0
0.1,69.3,6.9,42.5,0.5,44.51
7.6,69.5,8.4,51.0,0.7,72.78
2.2,64.2,4.3,52.8,1.7,58.12
13.6,95.8,5.0,35.9,2.3,100.0
6.2,98.0,6.2,35.4,0.7,66.92
2.0,60.0,4.0,45.0,0.3,50.17
9.1,83.8,7.5,52.0,1.4,96.87
3.2,50.3,5.2,52.4,4.3,72.59
4.5,95.6,8.8,49.9,0.8,76.9
2.8,53.0,6.0,37.8,0.6,47.68
2.1,69.9,4.5,61.6,0.4,46.95
8.6,50.1,6.5,52.4,0.5,82.19
14.9,97.4,8.0,69.3,0.2,100.0
3.1,59.9,5.8,37.9,3.8,61.28
6.9,74.3,8.9,64.3,0.1,88.53
8.4,65.4,8.6,30.3,0.7,65.97
14.6,92.7,7.8,61.6,2.5,100.0
13.7,71.3,4.9,33.8,3.6,93.76
1.1,98.4,8.0,43.9,3.9,72.39
11.3,74.4,5.9,41.0,3.7,99.67
11.7,91.0,5.8,77.0,3.7,100.0
0.7,85.5,9.0,85.9,4.3,91.78
5.3,61.7,8.3,33.9,1.6,70.91
2.1,56.3,5.7,74.9,2.8,69.86
3.5,71.8,5.3,74.5,4.3,88.88
5.6,73.8,5.3,40.8,4.4,78.03
7.8,75.3,4.6,68.2,4.9,98.55
8.6,82.6,8.7,42.5,3.3,85.78
10.3,82.3,4.4,79.7,2.2,90.66
10.4,72.9,4.2,78.1,4.3,100.0
4.7,81.3,4.0,58.2,3.3,76.2
9.0,85.6,5.9,88.5,4.3,100.0
5.4,61.6,4.7,39.3,4.0,76.05
11.4,91.0,5.8,84.7,2.6,100.0
0.9,99.9,4.4,75.9,4.0,66.08
12.9,63.5,7.2,63.2,3.9,100.0
9.2,98.3,7.6,51.2,2.0,98.69
5.9,77.7,7.1,53.1,3.7,77.94
3.1,50.9,4.2,84.7,3.6,68.83
8.8,88.6,7.8,59.5,2.2,100.0
9.0,65.7,5.5,50.2,1.2,77.68
6.6,73.1,4.5,68.4,3.7,89.51
4.8,95.7,7.8,40.9,0.1,61.56
9.0,99.9,5.3,40.0,0.7,74.32
3.4,66.9,7.6,72.1,4.9,81.79
2.0,87.9,4.1,69.6,0.8,53.17
0.2,87.6,4.4,46.0,1.1,57.67
6.5,86.1,5.8,58.0,1.0,81.01
2.0,96.2,5.4,65.4,4.7,77.88
5.3,68.6,8.7,88.3,1.5,88.3
3.1,65.8,4.1,31.9,2.8,56.88
8.3,60.6,8.4,69.0,4.5,100.0
9.4,53.8,6.4,53.3,2.6,88.32
12.5,90.7,7.8,40.4,4.5,100.0
2.7,94.5,7.7,80.0,0.2,64.34
12.1,85.3,4.2,35.7,0.6,87.3
13.3,65.3,7.1,82.1,3.1,100.0
3.2,83.8,6.0,56.9,4.5,80.8
10.3,63.5,4.4,52.5,3.5,89.44
4.4,82.8,6.9,83.1,2.0,73.53
9.0,61.3,7.1,52.1,3.5,89.13
12.3,57.7,4.1,84.7,0.0,84.5
10.5,68.4,5.1,61.4,3.6,87.38
5.8,96.7,4.2,66.8,1.8,74.0
2.2,53.1,6.3,43.9,4.8,71.44
1.4,83.1,5.7,36.3,4.8,59.25
10.6,75.9,7.7,78.5,1.4,100.0
6.3,62.2,7.9,63.2,2.5,83.72
7.3,64.5,8.7,41.7,3.2,79.08
4.0,67.8,4.8,60.3,1.7,55.74
2.9,99.0,7.4,34.2,3.0,80.92
8.3,70.4,7.1,65.5,2.3,94.75
6.4,80.4,6.9,47.8,2.4,75.14
5.1,58.0,5.8,55.4,2.3,75.25
0.2,100.0,8.8,64.3,2.0,80.16
8.9,74.9,7.3,43.2,3.5,95.14
7.4,64.7,8.2,78.0,4.8,100.0
1.9,96.1,5.1,79.1,4.4,85.15
10.8,57.0,8.1,33.0,2.7,79.43
12.4,88.6,5.2,50.0,4.4,100.0
11.8,90.5,8.6,31.4,2.6,98.21
0.2,99.4,8.5,58.6,0.3,51.63
10.3,93.3,4.6,30.1,3.3,86.81
0.8,62.5,4.5,73.5,1.1,46.95
4.5,85.1,6.1,54.8,4.0,83.16
8.1,86.7,7.6,45.8,4.4,100.0
7.2,93.2,8.6,31.4,4.4,91.76
7.3,69.6,8.8,56.3,3.5,100.0
2.3,60.6,6.0,58.8,2.8,56.05
8.0,53.8,7.1,45.9,3.8,85.26
14.7,92.6,6.6,56.9,1.6,100.0
6.2,58.9,4.2,78.0,3.8,90.02
3.6,83.2,4.7,41.4,0.2,58.08
5.1,90.1,8.0,64.0,0.3,67.12
8.5,79.0,8.4,31.4,3.1,92.55
7.0,70.6,7.5,66.5,3.6,92.14
2.4,62.8,8.4,72.2,2.9,82.26
2.0,77.9,6.6,82.5,0.4,56.04
0.4,85.2,7.6,47.3,3.3,72.59
2.2,82.8,6.4,78.9,2.4,76.21
3.8,85.4,8.5,69.6,4.4,91.49
5.5,85.3,4.5,85.6,3.4,81.01
8.9,81.2,5.8,36.7,1.2,81.34
13.9,90.4,4.8,65.4,1.0,95.94
13.4,64.0,6.1,62.3,4.8,100.0
5.8,70.8,4.9,74.3,1.8,72.63
12.5,78.9,9.0,63.2,2.5,100.0
11.1,85.8,6.3,54.4,1.1,98.33
2.4,61.6,6.2,60.4,3.9,64.32
13.7,71.7,4.0,52.6,0.7,95.27
11.1,62.5,8.3,41.0,3.8,100.0
11.6,92.0,4.4,75.5,1.8,100.0
14.7,62.3,7.2,67.6,4.9,100.0
5.0,72.8,5.1,76.5,0.9,71.57
7.1,81.4,6.6,84.8,2.0,100.0
2.0,77.4,5.9,31.0,0.4,51.17
14.6,96.5,9.0,57.3,3.1,100.0
5.0,55.3,5.5,65.1,1.7,74.94
12.4,85.9,5.9,36.5,3.0,97.03
1.2,75.2,5.4,44.9,0.5,49.71
5.4,66.1,5.1,37.8,4.6,78.89
8.2,69.9,4.9,55.5,4.2,89.52
7.1,85.6,5.1,38.2,4.1,82.28
3.6,58.0,5.2,59.5,2.3,71.44
7.6,78.5,8.4,35.6,2.5,83.48
10.3,94.8,5.2,34.2,3.7,93.13
3.2,55.2,4.3,39.2,4.0,63.78
15.0,60.5,7.6,69.5,0.2,100.0
6.9,89.0,6.7,73.8,4.4,100.0
0.9,74.1,4.6,70.6,3.1,64.76
5.0,73.3,6.0,66.6,3.2,77.61
8.2,82.9,8.0,30.0,1.0,75.71
5.8,63.0,4.2,31.2,2.8,62.92
9.2,87.3,6.3,32.8,2.7,82.99
12.1,56.3,8.8,58.9,2.1,94.16
10.8,90.3,8.7,66.0,4.8,100.0
2.9,69.1,7.0,54.4,4.4,82.43
14.5,58.2,8.6,76.7,3.3,100.0
4.2,76.4,5.7,61.5,0.7,72.08
12.2,56.8,6.5,48.4,3.2,89.14
13.6,55.3,6.8,66.4,2.4,100.0
10.3,70.8,6.4,51.9,2.0,99.05
0.7,52.9,5.1,62.0,1.1,41.23
1.5,59.7,4.8,76.8,1.5,55.81
14.6,54.5,8.1,31.0,4.1,100.0
9.5,61.5,5.8,54.9,2.5,95.91
9.1,88.7,4.6,79.6,4.4,100.0
12.9,51.1,8.4,34.1,4.4,100.0
6.6,92.2,4.9,43.5,2.3,72.64
14.3,65.2,4.8,39.0,1.8,100.0
11.0,68.0,5.7,53.5,0.0,76.51
10.4,77.0,6.7,45.9,4.8,97.5
13.6,90.0,4.2,67.1,0.8,99.67
0.0,68.7,7.4,48.4,3.1,59.98
13.4,60.5,4.5,70.8,1.8,95.6
4.5,84.2,5.2,53.7,2.9,79.27
10.9,56.0,4.5,89.3,0.9,82.32
0.3,64.6,5.7,71.6,0.8,60.69
0.9,67.3,8.4,57.6,0.7,48.71
2.4,97.8,6.7,49.3,1.9,76.21
9.1,59.8,5.0,53.7,3.2,88.44
7.6,96.4,4.3,78.5,4.7,100.0
13.9,51.7,8.1,67.0,4.1,100.0
3.3,97.7,5.1,47.1,0.4,64.92
4.0,72.5,7.3,77.7,2.6,80.34
13.8,52.4,5.0,37.3,2.8,86.43
8.0,70.6,5.6,74.6,0.0,84.94
4.4,63.5,5.4,75.5,3.7,82.14
12.4,63.6,6.4,54.5,4.3,100.0
3.5,93.8,7.1,72.8,0.5,71.11
13.3,78.2,4.2,37.6,3.6,93.9
3.0,56.8,6.7,53.1,0.7,64.17
11.2,51.0,8.0,52.1,1.2,85.45
2.4,83.2,6.7,87.4,2.2,77.45
7.2,69.6,8.1,84.7,2.0,98.24
6.0,84.6,4.8,30.8,1.3,68.62
14.3,98.2,7.7,49.2,1.7,100.0
12.9,66.8,8.4,89.7,3.0,100.0
3.4,97.1,4.7,82.3,3.5,80.28
14.9,71.3,4.4,70.9,4.4,100.0
12.6,95.8,6.3,62.9,1.5,100.0
11.0,83.5,5.6,86.8,3.4,100.0
0.1,87.8,5.7,42.1,2.1,53.69
7.7,86.3,5.6,63.6,0.1,83.67
2.0,79.8,7.2,53.5,1.9,71.74
8.3,84.5,5.9,70.8,1.2,87.81
7.6,72.4,8.6,78.3,3.1,94.12
10.2,72.1,7.8,80.5,4.7,100.0
7.7,93.6,5.7,57.8,3.6,86.96
0.2,63.6,6.3,55.7,0.7,58.11
13.1,64.2,7.6,48.5,1.2,98.9
11.9,83.8,4.4,35.1,0.9,83.6
8.6,60.2,5.1,35.2,3.1,69.67
10.6,87.2,6.8,52.4,4.4,100.0
14.5,58.3,6.4,89.0,0.7,100.0
8.5,99.1,7.6,46.8,2.4,89.03
14.4,72.4,7.1,49.0,4.7,100.0
8.1,89.3,6.4,51.4,1.0,89.2
1.8,67.7,4.3,66.3,3.4,59.65
4.9,85.4,6.1,56.2,5.0,86.85
2.5,53.0,4.9,86.3,1.1,54.81
3.9,84.2,8.7,57.3,2.3,81.76
12.7,59.0,6.4,86.4,4.9,100.0
12.1,76.2,7.3,71.6,2.9,99.44
13.0,71.5,7.4,34.8,4.6,100.0
5.1,90.6,4.7,87.1,0.8,84.29
13.0,70.4,4.6,57.3,0.5,89.33
8.9,50.7,6.7,87.6,2.0,89.89
2.7,75.3,8.1,47.5,1.9,71.53
13.6,72.6,5.7,84.6,2.7,100.0
5.6,61.8,8.1,50.5,0.5,70.3
11.5,86.4,8.8,58.7,3.6,100.0
7.2,53.9,7.5,55.8,2.8,90.34
1.3,57.4,6.6,33.8,3.3,57.63
2.5,60.6,7.4,74.3,2.9,80.87
14.8,57.7,8.2,38.7,3.0,100.0
3.8,54.3,8.1,83.2,0.2,60.23
13.1,80.7,6.6,32.1,2.8,92.85
2.8,73.0,8.4,42.7,0.5,68.94
6.1,50.0,6.2,52.8,2.8,73.22
12.2,75.4,6.0,45.0,0.6,86.06
8.2,55.7,8.6,41.7,4.0,80.42
11.3,75.5,8.6,65.9,1.4,100.0
14.8,58.0,8.5,88.9,0.1,100.0
9.5,72.9,6.7,55.6,1.5,78.06
5.3,64.0,6.7,62.2,4.7,78.9
8.8,85.2,8.0,59.9,2.5,87.89
13.2,94.7,8.2,37.6,3.5,100.0
0.0,76.4,9.0,55.0,3.9,63.01
3.1,76.1,6.6,81.5,2.3,79.15
6.0,68.3,8.6,68.8,2.9,95.73
14.3,64.8,7.1,83.4,0.9,100.0
2.8,57.1,6.7,76.1,5.0,80.36
6.2,50.3,5.7,31.6,2.9,59.77
1.0,55.0,7.8,53.4,4.3,73.69
2.4,80.2,6.5,48.5,2.4,74.2
12.8,87.9,4.9,72.8,0.6,96.68
12.5,71.9,8.6,81.5,4.7,100.0
6.4,60.2,8.1,61.9,0.9,84.12
1.7,63.4,6.2,63.6,0.6,57.65
4.4,53.0,8.8,52.8,3.7,70.21
4.1,51.7,6.5,69.6,1.5,68.72
10.3,77.8,8.5,33.3,1.4,80.13
4.3,93.4,7.2,52.7,2.4,83.34
9.3,56.6,4.7,57.6,0.9,78.26
1.7,83.9,6.5,44.7,1.7,54.1
11.3,72.1,7.9,53.9,3.7,100.0
12.0,78.6,5.0,58.1,4.0,100.0
4.9,50.3,8.9,69.6,2.3,85.67
9.0,58.6,5.1,86.6,3.4,96.02
11.4,94.7,5.9,67.7,3.1,100.0
10.5,65.2,8.2,36.2,1.1,92.9
14.7,78.9,8.2,67.9,3.4,100.0
13.1,64.4,8.9,55.5,3.8,100.0
13.5,94.5,7.1,62.0,2.0,100.0
13.7,72.5,5.3,37.1,2.4,100.0
10.0,59.6,6.3,50.5,2.6,94.87
7.9,62.7,4.6,36.1,4.6,90.2
4.7,95.7,8.2,81.5,4.4,98.61
2.4,65.2,6.9,33.3,2.6,62.71
0.1,56.8,6.4,57.6,3.5,62.37
14.7,73.2,8.3,88.9,0.5,100.0
11.7,96.2,8.4,72.5,0.2,100.0
3.4,69.3,7.6,82.9,2.6,74.85
0.8,88.7,5.7,83.2,0.9,69.83
0.7,85.1,4.5,80.6,3.9,74.46
14.7,88.3,8.4,35.4,2.7,100.0
14.9,60.1,5.5,56.9,4.1,100.0
14.5,59.6,8.0,79.2,3.0,100.0
14.5,65.8,4.2,72.2,1.7,96.06
9.3,77.5,8.8,85.7,0.9,94.36
5.4,51.5,4.2,81.0,3.7,70.06
4.7,98.5,4.1,76.8,3.9,96.94
9.2,82.4,7.8,89.5,1.6,100.0
7.2,77.0,7.6,30.6,0.9,74.13
14.5,63.4,7.3,73.6,2.1,100.0
13.8,70.6,7.4,67.6,3.4,100.0
2.4,93.6,5.4,35.3,0.5,46.17
6.9,58.7,4.6,45.7,1.4,68.37
11.2,64.1,5.9,73.3,1.0,88.46
10.3,76.8,5.1,58.1,3.6,94.41
8.0,66.9,4.4,48.0,3.4,76.34
0.7,87.2,4.5,36.7,0.7,44.94
6.3,62.3,5.7,72.4,2.4,72.51
5.7,88.9,7.7,34.3,1.5,66.48
7.4,58.7,6.2,77.9,4.2,90.49
3.4,83.9,5.7,59.8,4.6,77.75
6.0,80.0,7.5,57.2,1.8,71.4
14.0,61.8,4.2,55.1,2.0,89.97
1.2,75.1,7.4,82.2,0.5,67.9
6.9,93.6,8.3,61.3,0.8,88.05
2.5,73.3,4.1,71.1,2.8,69.44
6.5,73.3,4.6,79.0,4.7,91.53
12.7,60.9,7.2,67.4,1.1,95.67
4.7,51.6,4.0,62.7,3.9,67.63
6.8,54.1,5.6,83.3,0.6,76.08
11.5,90.7,4.0,67.7,4.7,100.0
12.0,63.8,8.7,31.0,3.8,100.0
9.2,88.1,7.6,43.7,1.4,94.77
9.1,56.8,7.2,36.4,1.3,69.25
6.5,81.2,8.7,58.4,3.4,83.29
4.9,87.5,4.6,52.3,4.2,90.08
6.8,72.9,7.6,43.7,4.1,79.85
6.9,87.6,9.0,44.2,3.9,96.33
9.8,85.7,4.4,71.1,3.0,97.87
1.2,98.0,6.4,70.0,2.2,69.08
14.4,50.7,7.2,84.6,4.0,100.0
10.0,83.1,8.0,47.8,3.2,97.69
5.4,91.8,8.5,50.5,0.3,81.33
12.5,69.1,7.6,62.4,3.5,100.0
5.3,67.7,5.5,73.1,1.6,81.95
14.7,80.3,5.3,40.2,4.0,100.0
14.1,76.2,5.5,32.2,1.9,99.13
3.2,85.2,8.6,46.6,2.2,76.29
13.4,64.1,4.7,53.1,2.8,91.56
9.7,75.3,6.8,35.5,1.8,90.22
8.6,60.1,4.5,66.0,1.5,80.48
0.8,51.0,6.0,33.6,0.1,30.87
11.5,75.6,4.2,70.9,1.5,93.59
12.4,77.4,6.9,59.3,1.9,94.07
3.5,99.5,5.5,81.9,0.4,77.42
9.6,87.9,7.6,51.5,1.5,100.0
0.5,69.6,6.3,51.6,3.1,52.15
12.5,77.2,5.4,50.9,1.1,88.56
1.1,61.5,8.1,51.2,3.0,59.08
11.6,68.8,4.5,30.8,4.7,98.17
5.1,84.2,8.5,60.6,0.5,82.16
10.7,74.8,5.0,70.0,1.9,98.96
0.3,71.8,8.2,77.8,1.5,73.43
14.1,70.9,4.4,54.1,2.8,100.0
13.4,52.7,6.8,71.9,2.0,100.0
6.0,67.4,4.8,79.3,4.5,97.11
0.2,69.1,4.8,41.8,0.6,36.19
3.5,75.2,7.1,77.2,1.3,71.76
8.6,94.1,6.5,36.1,4.3,86.12
13.4,51.8,4.0,84.7,0.4,87.71
10.9,64.0,4.4,84.3,1.0,88.85
13.8,88.5,6.5,74.5,4.5,100.0
1.2,95.2,8.0,69.3,3.4,77.64
14.1,66.6,7.8,79.3,4.0,100.0
6.2,73.8,8.4,84.2,3.3,94.26
5.3,65.7,8.2,84.8,0.3,82.12
0.2,52.4,8.6,44.7,4.5,55.12
13.4,74.8,8.1,44.8,4.2,100.0
0.3,81.1,7.6,61.6,2.9,69.02
6.6,96.9,7.3,76.4,1.5,99.63
11.5,96.0,8.3,54.9,4.0,100.0
5.8,98.4,5.3,75.4,1.5,77.64
5.4,54.8,7.5,78.1,2.4,80.56
12.1,81.2,4.6,46.1,1.2,88.2
5.1,93.6,7.3,55.0,3.9,94.97
0.7,77.5,7.2,47.0,4.4,70.39
13.6,79.7,6.1,63.9,2.8,100.0
2.9,87.9,8.1,72.7,1.1,66.66
1.3,98.1,4.1,30.2,1.9,56.48
8.2,81.1,6.9,47.1,3.9,93.42
10.1,66.0,6.1,35.3,3.0,78.79
1.1,72.1,8.5,39.4,2.2,51.82
1.4,97.6,4.3,54.6,2.7,55.33
11.1,95.9,7.7,89.5,1.1,99.78
11.9,89.5,5.6,66.5,1.8,100.0
0.7,89.5,6.6,89.4,2.6,74.58
10.4,94.6,8.3,65.1,0.4,89.0
2.8,65.5,7.7,53.1,0.1,61.9
7.3,68.5,8.2,56.9,3.6,91.33
13.5,85.7,4.4,39.4,1.5,96.73
10.1,76.4,7.5,67.2,2.6,100.0
8.8,60.1,6.9,84.8,0.6,81.26
9.1,54.3,5.4,51.6,2.7,90.32
7.6,86.5,5.8,62.7,3.1,90.63
12.5,73.7,6.5,65.1,0.8,97.5
6.9,52.7,5.7,78.8,1.0,68.2
5.0,86.4,8.9,63.1,1.6,78.25
6.3,62.1,5.3,73.7,0.9,73.39
8.9,79.1,6.2,63.7,0.2,90.9
6.1,71.5,7.9,31.1,4.8,77.57
4.9,97.8,7.0,39.7,1.6,79.05
4.3,76.0,4.9,75.0,4.5,87.34
6.8,59.8,8.8,60.0,1.0,75.06
6.4,64.6,7.3,47.9,1.4,66.22
11.6,90.7,6.2,88.3,3.4,100.0
7.5,83.4,5.7,44.4,4.7,89.06
0.9,95.8,6.5,38.8,1.0,62.24
8.2,86.2,8.8,54.3,3.9,100.0
13.0,74.9,8.8,33.3,4.0,98.51
6.0,87.0,8.7,86.7,4.7,100.0
3.2,82.0,4.9,87.9,4.2,93.15
13.9,53.7,4.5,58.8,4.8,100.0
3.6,82.8,8.7,43.6,3.3,76.81
5.9,81.4,6.1,56.7,2.8,74.8
4.9,64.1,5.3,77.9,3.6,88.19
12.7,55.0,6.7,47.8,4.8,99.39
5.2,74.3,9.0,34.9,0.7,59.49
2.7,56.0,6.1,41.7,1.2,45.27
12.0,79.0,5.8,48.2,5.0,100.0
6.4,90.2,8.5,86.5,1.0,88.57
11.2,64.2,8.3,51.1,2.0,92.19
0.6,88.5,5.9,61.8,3.5,77.31
13.9,98.4,4.3,44.6,4.4,100.0
9.5,50.8,5.0,59.5,2.2,80.55
6.5,80.7,4.5,51.4,1.6,80.97
4.6,73.4,6.5,71.1,0.5,76.32
11.6,52.5,4.6,40.4,2.1,90.49
10.6,96.4,8.0,35.3,2.0,98.8
11.7,52.9,8.1,78.6,0.8,100.0
8.4,87.1,5.1,76.3,1.0,92.07
6.4,59.5,7.6,83.8,0.5,89.46
2.2,51.9,5.8,54.1,2.4,54.12
3.4,90.9,4.8,73.3,0.8,70.06
5.6,96.5,4.5,63.6,0.8,80.53
0.6,61.8,4.3,69.6,3.9,68.1
4.2,78.3,7.8,76.1,3.3,85.72
4.7,61.1,4.4,74.1,2.2,66.47
10.1,69.1,5.6,48.0,1.9,86.48
14.8,97.3,5.1,66.8,2.0,100.0
1.8,52.1,6.5,48.1,1.3,45.22
6.1,95.0,4.7,80.3,1.3,93.51
7.1,64.8,4.1,71.1,4.5,91.04
8.5,90.9,6.0,51.2,4.5,100.0
4.2,83.6,6.6,31.4,4.9,79.3
5.3,87.8,6.2,88.0,2.6,99.7
6.0,68.5,7.1,63.7,5.0,97.07
9.9,92.6,6.0,37.0,2.7,89.89
11.0,57.6,5.0,86.0,5.0,100.0
1.8,84.3,8.0,82.2,3.9,83.34
0.2,67.1,7.2,35.3,1.6,47.04
14.4,88.3,5.3,41.4,1.8,100.0
6.5,72.1,4.8,43.9,0.6,60.45
4.5,60.0,7.6,76.5,2.0,75.79
7.9,70.0,6.8,67.0,2.4,94.7
6.3,59.9,6.3,35.1,3.7,74.05
5.9,89.5,6.8,79.7,3.7,100.0
4.4,56.3,5.0,30.9,1.2,52.99
8.1,92.5,7.7,32.0,0.7,75.87
5.5,82.8,6.4,55.0,4.3,88.09
10.1,90.2,5.1,33.3,0.3,72.21
12.9,96.2,6.2,41.1,3.0,100.0
5.6,69.6,4.1,45.6,4.3,81.23
6.7,89.0,6.2,54.1,4.5,93.54
2.2,92.0,4.5,59.0,2.4,66.24
10.1,72.7,6.5,79.9,4.2,100.0
10.3,55.1,8.7,80.1,1.6,89.06
4.2,54.4,7.6,30.2,1.7,67.61
6.6,62.9,6.1,41.5,1.0,71.87
7.0,96.4,8.8,30.4,2.1,75.17
0.4,67.0,5.2,52.2,4.9,69.68
1.7,50.1,5.2,59.4,3.9,61.37
5.1,98.5,7.3,56.9,0.9,87.35
2.6,52.7,7.7,49.5,1.7,66.03
6.0,52.3,4.3,61.8,0.5,60.99
6.7,88.4,8.0,55.4,3.8,98.9
11.5,60.4,8.7,71.4,0.6,100.0
8.7,80.0,8.8,76.8,1.9,92.31
5.1,53.6,8.5,44.4,4.8,84.2
9.7,76.2,8.8,42.2,4.6,92.07
10.9,55.2,6.1,81.0,0.1,87.29
7.0,86.0,5.3,70.1,4.3,100.0
3.4,97.0,4.6,65.9,3.3,81.32
0.1,79.1,8.6,56.0,2.6,59.75
0.6,87.9,8.9,30.0,3.5,56.62
2.3,58.2,4.1,40.1,4.2,54.6
11.8,93.5,5.0,35.2,0.9,96.47
3.4,87.5,7.6,80.3,3.9,94.47
12.3,66.0,7.6,30.2,2.9,97.2
8.6,85.2,4.7,64.4,3.3,93.74
3.0,72.2,5.6,78.1,3.9,74.95
5.0,86.5,4.4,70.7,4.4,92.29
7.6,90.2,7.7,69.7,1.3,95.63
6.1,72.8,8.3,64.4,1.1,75.59
3.4,56.0,6.4,77.1,0.1,72.02
5.9,69.7,8.2,79.9,4.8,88.77
10.9,92.0,4.7,77.5,4.1,100.0
2.2,79.9,4.0,79.1,4.2,82.62
6.1,75.6,6.7,45.5,2.3,79.4
4.6,83.1,7.7,82.3,1.1,89.46
3.5,89.8,4.6,64.6,1.8,66.65
12.8,57.1,7.5,40.2,3.4,97.54
2.1,61.8,5.0,75.3,2.8,66.08
12.1,59.2,7.6,30.1,1.8,92.13
5.1,85.6,5.1,68.9,2.5,72.11
13.1,96.1,7.9,62.2,0.0,100.0
12.5,95.4,9.0,52.9,0.5,95.73
0.2,84.6,7.3,66.5,1.9,70.74
10.4,98.6,6.1,84.5,1.7,100.0
11.1,94.1,7.0,72.4,3.8,100.0
1.9,72.6,4.5,38.5,0.6,47.99
8.3,80.2,4.5,60.0,3.1,79.0
4.1,64.4,7.6,69.0,2.2,65.91
4.4,98.9,8.0,75.4,0.7,87.31
10.1,76.1,9.0,84.5,3.1,100.0
6.2,99.0,4.3,30.2,4.9,91.17
8.3,90.4,9.0,68.5,0.4,94.41
6.5,90.2,6.2,81.9,0.2,86.54
14.5,82.8,4.8,72.1,2.1,100.0
12.9,87.8,7.7,50.6,4.2,100.0
5.4,56.2,6.2,47.7,4.2,69.17
12.5,61.8,7.5,79.3,1.4,100.0
5.5,84.6,7.7,84.5,1.2,92.24
4.0,82.4,4.5,60.8,1.7,75.47
14.5,96.7,7.5,32.0,2.8,100.0
7.8,68.4,8.4,54.5,4.5,95.2
5.7,79.2,6.8,33.7,4.6,88.96
0.2,97.9,7.5,36.2,2.5,68.88
12.8,51.4,5.4,69.3,2.4,95.82
9.3,95.3,4.4,47.5,2.8,81.52
6.8,93.3,5.8,87.5,3.8,90.22
11.1,72.4,6.0,43.5,1.9,84.82
3.0,66.8,5.2,44.3,0.5,50.64
13.9,82.6,7.6,85.7,4.7,100.0
6.2,71.6,4.4,74.6,4.3,84.76
0.3,83.1,4.4,53.3,2.4,61.48
10.4,96.2,6.4,32.4,2.3,96.12
5.5,97.1,8.8,85.6,3.0,95.33
9.8,58.3,8.7,73.4,2.0,98.71
4.0,68.7,8.2,77.3,1.6,85.83
5.0,57.9,7.9,84.9,1.3,78.17
8.3,54.6,4.4,46.0,1.4,63.05
12.6,93.2,4.4,64.0,3.9,100.0
1.0,84.9,6.6,66.2,0.2,48.83
6.0,76.1,5.8,48.8,3.4,78.88
1.7,65.0,6.1,37.6,1.4,56.66
5.7,66.7,5.9,89.5,4.6,99.39
9.4,95.9,6.3,63.6,3.3,100.0
3.3,59.4,4.5,82.4,0.6,71.39
8.6,78.9,7.1,43.5,1.7,93.05
9.7,74.3,9.0,44.4,4.0,100.0
6.0,64.4,5.8,50.6,2.0,79.4
4.1,83.1,4.7,45.0,2.6,73.57
12.4,86.3,4.3,60.5,4.9,100.0
10.6,53.5,7.3,68.1,3.9,99.46
6.4,74.0,6.8,77.7,1.8,82.54
7.1,73.8,4.5,46.2,4.4,93.26
11.7,58.2,8.5,71.7,3.9,100.0
14.6,60.5,8.4,70.6,3.8,100.0
4.4,54.3,5.4,85.2,1.0,71.9
11.0,70.2,7.9,58.8,0.6,97.45
9.5,60.7,7.6,43.0,1.1,79.66
11.0,50.8,7.3,87.7,4.5,100.0
0.2,99.8,4.5,52.3,1.2,54.71
4.7,96.9,6.2,83.9,1.1,76.71
8.4,52.9,4.1,69.4,2.5,89.81
13.3,76.1,7.2,82.2,4.6,100.0
12.8,72.7,8.1,56.8,2.7,100.0
10.4,57.8,5.8,88.0,0.6,81.34
2.1,73.9,6.8,53.3,1.9,55.61
13.4,86.6,7.4,52.1,2.7,100.0
3.8,90.3,4.3,62.5,4.9,75.14
8.3,90.8,7.2,33.3,2.8,86.24
8.2,73.3,7.0,77.2,0.3,83.94
10.1,61.6,7.7,44.7,2.6,90.15
11.0,65.0,4.4,72.6,4.6,100.0
7.5,55.6,8.1,77.4,0.1,86.51
3.0,66.1,4.5,74.1,1.6,60.11
9.7,86.5,8.8,38.6,1.6,87.3
0.1,69.5,4.9,73.3,1.4,61.58
13.8,86.5,8.9,37.4,2.0,100.0
11.3,95.5,8.7,35.2,3.8,100.0
8.0,97.0,4.5,49.8,3.2,87.45
6.2,62.9,8.9,61.5,2.2,92.31
0.2,59.6,8.0,89.2,1.3,59.82
14.2,95.2,8.1,46.3,1.3,100.0
12.1,90.8,5.4,78.8,0.6,98.57
11.9,62.7,6.1,52.0,0.7,93.09
5.2,84.2,4.3,42.3,1.7,60.14
0.7,92.6,4.9,37.3,4.2,65.64
2.2,90.6,9.0,62.1,1.5,82.89
1.3,84.3,4.9,62.8,0.3,53.34
3.2,59.5,6.9,60.7,0.4,59.59
5.5,58.0,4.2,75.2,2.6,84.57
11.3,53.6,7.0,64.5,3.9,100.0
7.5,50.8,7.3,41.5,4.5,79.26
2.8,64.7,8.3,81.2,1.1,70.66
13.0,80.3,5.2,45.1,4.8,100.0
7.2,63.3,6.5,69.4,3.5,95.46
13.1,53.6,5.0,80.4,4.5,100.0
